<?xml version="1.0" encoding="UTF-8"?>
<project-private xmlns="http://www.netbeans.org/ns/project-private/1">
    <editor-bookmarks xmlns="http://www.netbeans.org/ns/editor-bookmarks/2" lastBookmarkId="0"/>
    <open-files xmlns="http://www.netbeans.org/ns/projectui-open-files/2">
        <group name="Group 20220512-08:41:29">
            <file>file:/C:/Users/Галушка/Desktop/AIS02_TELEGRAM_BOT-main/NIE_Lab3_Java/src/kz/proffix4/telegrambot/nie_telegram_bot.java</file>
        </group>
        <group>
            <file>file:/Users/user/Downloads/NIE_lab3_Java-main/src/kz/proffix4/telegrambot/nie_telegram_bot.java</file>
        </group>
    </open-files>
</project-private>
